{
  "mean": 13.44,
  "count": 63,
  "sum": 847,
  "max": 56,
  "min": 1,
  "raw": [
    41,
    41,
    41,
    41,
    41,
    41,
    3,
    3,
    41,
    41,
    41,
    3,
    41,
    41,
    3,
    41,
    41,
    41,
    41,
    41,
    3,
    2,
    2,
    2,
    2,
    2,
    2,
    56,
    2,
    2,
    2,
    2,
    2,
    2,
    2,
    2,
    2,
    2,
    2,
    2,
    2,
    41,
    2,
    2,
    2,
    2,
    2,
    2,
    2,
    2,
    2,
    2,
    1,
    2,
    2,
    2,
    2,
    2,
    2,
    2,
    2,
    2,
    2
  ]
}