{
  "mean": 154.48,
  "count": 63,
  "sum": 9732,
  "max": 1592,
  "min": 2,
  "raw": [
    434,
    434,
    434,
    434,
    434,
    434,
    6,
    6,
    434,
    434,
    434,
    6,
    434,
    434,
    6,
    434,
    434,
    434,
    434,
    434,
    6,
    2,
    2,
    2,
    2,
    2,
    2,
    1592,
    2,
    2,
    2,
    2,
    2,
    2,
    2,
    2,
    2,
    2,
    2,
    2,
    2,
    1080,
    2,
    2,
    2,
    2,
    2,
    2,
    2,
    2,
    2,
    2,
    8,
    2,
    2,
    2,
    2,
    2,
    2,
    2,
    2,
    2,
    2
  ]
}