{
  "mean": 37.46,
  "count": 63,
  "sum": 2360,
  "max": 100,
  "min": 3,
  "raw": [
    4,
    4,
    4,
    4,
    4,
    4,
    11,
    11,
    4,
    4,
    4,
    11,
    4,
    4,
    11,
    4,
    4,
    4,
    4,
    4,
    11,
    100,
    100,
    100,
    100,
    100,
    100,
    3,
    100,
    100,
    100,
    100,
    100,
    100,
    100,
    100,
    100,
    100,
    100,
    100,
    100,
    3,
    15,
    16,
    16,
    15,
    15,
    15,
    15,
    25,
    15,
    15,
    3,
    15,
    15,
    15,
    15,
    15,
    25,
    15,
    15,
    15,
    25
  ]
}