{
  "mean": 7.35,
  "count": 63,
  "sum": 463,
  "max": 16,
  "min": 4,
  "raw": [
    12,
    6,
    6,
    6,
    6,
    6,
    12,
    12,
    6,
    6,
    6,
    6,
    6,
    6,
    12,
    6,
    6,
    6,
    6,
    6,
    12,
    14,
    5,
    5,
    5,
    5,
    5,
    5,
    14,
    5,
    5,
    5,
    5,
    5,
    8,
    14,
    5,
    5,
    5,
    5,
    5,
    8,
    10,
    10,
    4,
    10,
    4,
    4,
    16,
    10,
    4,
    4,
    4,
    10,
    16,
    16,
    11,
    4,
    4,
    4,
    10,
    4,
    10
  ]
}