{
  "mean": 5.54,
  "count": 63,
  "sum": 349,
  "max": 9,
  "min": 4,
  "raw": [
    9,
    6,
    6,
    6,
    6,
    6,
    9,
    9,
    6,
    6,
    6,
    6,
    6,
    6,
    9,
    6,
    6,
    6,
    6,
    6,
    9,
    6,
    5,
    5,
    5,
    5,
    5,
    5,
    6,
    5,
    5,
    5,
    5,
    5,
    4,
    6,
    5,
    5,
    5,
    5,
    5,
    6,
    5,
    5,
    4,
    5,
    4,
    4,
    7,
    5,
    4,
    4,
    4,
    5,
    7,
    7,
    4,
    4,
    4,
    4,
    5,
    4,
    5
  ]
}